structure,Protein_name,Fasta,pTM,Pocket_score
/mocked-data/structure-prediction/OR1A1.pdb,OR1A1,">sp|Q9P1Q5|OR1A1_HUMAN Olfactory receptor 1A1 OS=Homo sapiens OX=9606 GN=OR1A1 PE=2 SV=2
MRENNQSSTLEFILLGVTGQQEQEDFFYILFLFIYPITLIGNLLIVLAICSDVRLHNPMY
FLLANLSLVDIFFSSVTIPKMLANHLLGSKSISFGGCLTQMYFMIALGNTDSYILAAMAY
DRAVAISRPLHYTTIMSPRSCIWLIAGSWVIGNANALPHTLLTASLSFCGNQEVANFYCD
ITPLLKLSCSDIHFHVKMMYLGVGIFSVPLLCIIVSYIRVFSTVFQVPSTKGVLKAFSTC
GSHLTVVSLYYGTVMGTYFRPLTNYSLKDAVITVMYTAVTPMLNPFIYSLRNRDMKAALR
KLFNKRISS",0.91,0.52
/mocked-data/structure-prediction/OR2J3.pdb,OR2J3,">sp|O76001|OR2J3_HUMAN Olfactory receptor 2J3 OS=Homo sapiens OX=9606 GN=OR2J3 PE=1 SV=1 
MNDDGKVNASSEGYFILVGFSNWPHLEVVIFVVVLIFYLMTLIGNLFIIILSYLDSHLHT 
PMYFFLSNLSFLDLCYTTSSIPQLLVNLWGPEKTISYAGCMIQLYFVLALGTTECVLLVV 
MSYDRYAAVCRPLHYTVLMHPRFCHLLAVASWVSGFTNSALHSSFTFWVPLCGHRQVDHF 
FCEVPALLRLSCVDTHVNELTLMITSSIFVLIPLILILTSYGAIVRAVLRMQSTTGLQKV 
FGTCGAHLMAVSLFFIPAMCIYLQPPSGNSQDQGKFIALFYTVVTPSLNPLIYTLRNKVV 
RGAVKRLMGWE",0.87,0.19
