#,claim,#_sku_in_the_market,evaluation
1,Anti-hair fall / reduces hair loss,150+,游댮 Saturated
2,Strengthens hair roots,120+,游댮 Saturated
3,Promotes hair growth,90+,游댮 Saturated
4,Thickening / increases hair density,70+,游리 Medium
5,Scalp health / scalp care,60+,游리 Medium
6,Hair growth + botanical actives,40+,游리 Medium
7,Hair growth + peptides,25+,游리 Medium
8,Hair growth + scalp barrier repair,8,游릭 White space
9,Hair growth + microbiome / postbiotic,5,游릭 White space
10,Hair growth + clinical / follicle vitality claim,6,游릭 White space
10,Hair growth + clinical / follicle vitality claim,6,游릭 White space